library_name	library_group	fastq_R1	fastq_R2
Mother-a	Mother	Mother-a_R1.fastq.gz	Mother-a_R2.fastq.gz
Mother-b	Mother	Mother-b_R1.fastq.gz	Mother-b_R2.fastq.gz
Mother-c	Mother	Mother-c_R1.fastq.gz	Mother-c_R2.fastq.gz
Mother-d	Mother	Mother-d_R1.fastq.gz	Mother-d_R2.fastq.gz
Mother-e	Mother	Mother-e_R1.fastq.gz	Mother-e_R2.fastq.gz
Mother-f	Mother	Mother-f_R1.fastq.gz	Mother-f_R2.fastq.gz
Mother-g	Mother	Mother-g_R1.fastq.gz	Mother-g_R2.fastq.gz
Mother-h	Mother	Mother-h_R1.fastq.gz	Mother-h_R2.fastq.gz
Mother-i	Mother	Mother-i_R1.fastq.gz	Mother-i_R2.fastq.gz
Mother-j	Mother	Mother-j_R1.fastq.gz	Mother-j_R2.fastq.gz
Mother-k	Mother	Mother-k_R1.fastq.gz	Mother-k_R2.fastq.gz
Mother-l	Mother	Mother-l_R1.fastq.gz	Mother-l_R2.fastq.gz
Serum-a	Serum	Serum-a_R1.fastq.gz	Serum-a_R2.fastq.gz
Serum-b	Serum	Serum-b_R1.fastq.gz	Serum-b_R2.fastq.gz
Serum-c	Serum	Serum-c_R1.fastq.gz	Serum-c_R2.fastq.gz
Serum-d	Serum	Serum-d_R1.fastq.gz	Serum-d_R2.fastq.gz
Serum-e	Serum	Serum-e_R1.fastq.gz	Serum-e_R2.fastq.gz
Serum-f	Serum	Serum-f_R1.fastq.gz	Serum-f_R2.fastq.gz
Serum-g	Serum	Serum-g_R1.fastq.gz	Serum-g_R2.fastq.gz
Serum-h	Serum	Serum-h_R1.fastq.gz	Serum-h_R2.fastq.gz
Serum-i	Serum	Serum-i_R1.fastq.gz	Serum-i_R2.fastq.gz
Serum-j	Serum	Serum-j_R1.fastq.gz	Serum-j_R2.fastq.gz
Serum-k	Serum	Serum-k_R1.fastq.gz	Serum-k_R2.fastq.gz
Serum-l	Serum	Serum-l_R1.fastq.gz	Serum-l_R2.fastq.gz
IL-6_WT-1-a	IL-6_WT-1	IL-6_WT-1-a_R1.fastq.gz	IL-6_WT-1-a_R2.fastq.gz
IL-6_WT-1-b	IL-6_WT-1	IL-6_WT-1-b_R1.fastq.gz	IL-6_WT-1-b_R2.fastq.gz
IL-6_WT-1-c	IL-6_WT-1	IL-6_WT-1-c_R1.fastq.gz	IL-6_WT-1-c_R2.fastq.gz
IL-6_WT-1-d	IL-6_WT-1	IL-6_WT-1-d_R1.fastq.gz	IL-6_WT-1-d_R2.fastq.gz
IL-6_WT-1-e	IL-6_WT-1	IL-6_WT-1-e_R1.fastq.gz	IL-6_WT-1-e_R2.fastq.gz
IL-6_WT-1-f	IL-6_WT-1	IL-6_WT-1-f_R1.fastq.gz	IL-6_WT-1-f_R2.fastq.gz
IL-6_WT-1-g	IL-6_WT-1	IL-6_WT-1-g_R1.fastq.gz	IL-6_WT-1-g_R2.fastq.gz
IL-6_WT-1-h	IL-6_WT-1	IL-6_WT-1-h_R1.fastq.gz	IL-6_WT-1-h_R2.fastq.gz
IL-6_WT-1-i	IL-6_WT-1	IL-6_WT-1-i_R1.fastq.gz	IL-6_WT-1-i_R2.fastq.gz
IL-6_WT-1-j	IL-6_WT-1	IL-6_WT-1-j_R1.fastq.gz	IL-6_WT-1-j_R2.fastq.gz
IL-6_WT-1-k	IL-6_WT-1	IL-6_WT-1-k_R1.fastq.gz	IL-6_WT-1-k_R2.fastq.gz
IL-6_WT-1-l	IL-6_WT-1	IL-6_WT-1-l_R1.fastq.gz	IL-6_WT-1-l_R2.fastq.gz
IL-6_WT-2-a	IL-6_WT-2	IL-6_WT-2-a_R1.fastq.gz	IL-6_WT-2-a_R2.fastq.gz
IL-6_WT-2-b	IL-6_WT-2	IL-6_WT-2-b_R1.fastq.gz	IL-6_WT-2-b_R2.fastq.gz
IL-6_WT-2-c	IL-6_WT-2	IL-6_WT-2-c_R1.fastq.gz	IL-6_WT-2-c_R2.fastq.gz
IL-6_WT-2-d	IL-6_WT-2	IL-6_WT-2-d_R1.fastq.gz	IL-6_WT-2-d_R2.fastq.gz
IL-6_WT-2-e	IL-6_WT-2	IL-6_WT-2-e_R1.fastq.gz	IL-6_WT-2-e_R2.fastq.gz
IL-6_WT-2-f	IL-6_WT-2	IL-6_WT-2-f_R1.fastq.gz	IL-6_WT-2-f_R2.fastq.gz
IL-6_WT-2-g	IL-6_WT-2	IL-6_WT-2-g_R1.fastq.gz	IL-6_WT-2-g_R2.fastq.gz
IL-6_WT-2-h	IL-6_WT-2	IL-6_WT-2-h_R1.fastq.gz	IL-6_WT-2-h_R2.fastq.gz
IL-6_WT-2-i	IL-6_WT-2	IL-6_WT-2-i_R1.fastq.gz	IL-6_WT-2-i_R2.fastq.gz
IL-6_WT-2-j	IL-6_WT-2	IL-6_WT-2-j_R1.fastq.gz	IL-6_WT-2-j_R2.fastq.gz
IL-6_WT-2-k	IL-6_WT-2	IL-6_WT-2-k_R1.fastq.gz	IL-6_WT-2-k_R2.fastq.gz
IL-6_WT-2-l	IL-6_WT-2	IL-6_WT-2-l_R1.fastq.gz	IL-6_WT-2-l_R2.fastq.gz
IL-6_WT-3-a	IL-6_WT-3	IL-6_WT-3-a_R1.fastq.gz	IL-6_WT-3-a_R2.fastq.gz
IL-6_WT-3-b	IL-6_WT-3	IL-6_WT-3-b_R1.fastq.gz	IL-6_WT-3-b_R2.fastq.gz
IL-6_WT-3-c	IL-6_WT-3	IL-6_WT-3-c_R1.fastq.gz	IL-6_WT-3-c_R2.fastq.gz
IL-6_WT-3-d	IL-6_WT-3	IL-6_WT-3-d_R1.fastq.gz	IL-6_WT-3-d_R2.fastq.gz
IL-6_WT-3-e	IL-6_WT-3	IL-6_WT-3-e_R1.fastq.gz	IL-6_WT-3-e_R2.fastq.gz
IL-6_WT-3-f	IL-6_WT-3	IL-6_WT-3-f_R1.fastq.gz	IL-6_WT-3-f_R2.fastq.gz
IL-6_WT-3-g	IL-6_WT-3	IL-6_WT-3-g_R1.fastq.gz	IL-6_WT-3-g_R2.fastq.gz
IL-6_WT-3-h	IL-6_WT-3	IL-6_WT-3-h_R1.fastq.gz	IL-6_WT-3-h_R2.fastq.gz
IL-6_WT-3-i	IL-6_WT-3	IL-6_WT-3-i_R1.fastq.gz	IL-6_WT-3-i_R2.fastq.gz
IL-6_WT-3-j	IL-6_WT-3	IL-6_WT-3-j_R1.fastq.gz	IL-6_WT-3-j_R2.fastq.gz
IL-6_WT-3-k	IL-6_WT-3	IL-6_WT-3-k_R1.fastq.gz	IL-6_WT-3-k_R2.fastq.gz
IL-6_WT-3-l	IL-6_WT-3	IL-6_WT-3-l_R1.fastq.gz	IL-6_WT-3-l_R2.fastq.gz
IL-6_P42A-a	IL-6_P42A	IL-6_P42A-a_R1.fastq.gz	IL-6_P42A-a_R2.fastq.gz
IL-6_P42A-b	IL-6_P42A	IL-6_P42A-b_R1.fastq.gz	IL-6_P42A-b_R2.fastq.gz
IL-6_P42A-c	IL-6_P42A	IL-6_P42A-c_R1.fastq.gz	IL-6_P42A-c_R2.fastq.gz
IL-6_P42A-d	IL-6_P42A	IL-6_P42A-d_R1.fastq.gz	IL-6_P42A-d_R2.fastq.gz
IL-6_P42A-e	IL-6_P42A	IL-6_P42A-e_R1.fastq.gz	IL-6_P42A-e_R2.fastq.gz
IL-6_P42A-f	IL-6_P42A	IL-6_P42A-f_R1.fastq.gz	IL-6_P42A-f_R2.fastq.gz
IL-6_P42A-g	IL-6_P42A	IL-6_P42A-g_R1.fastq.gz	IL-6_P42A-g_R2.fastq.gz
IL-6_P42A-h	IL-6_P42A	IL-6_P42A-h_R1.fastq.gz	IL-6_P42A-h_R2.fastq.gz
IL-6_P42A-i	IL-6_P42A	IL-6_P42A-i_R1.fastq.gz	IL-6_P42A-i_R2.fastq.gz
IL-6_P42A-j	IL-6_P42A	IL-6_P42A-j_R1.fastq.gz	IL-6_P42A-j_R2.fastq.gz
IL-6_P42A-k	IL-6_P42A	IL-6_P42A-k_R1.fastq.gz	IL-6_P42A-k_R2.fastq.gz
IL-6_P42A-l	IL-6_P42A	IL-6_P42A-l_R1.fastq.gz	IL-6_P42A-l_R2.fastq.gz
IL-6_Q45A-a	IL-6_Q45A	IL-6_Q45A-a_R1.fastq.gz	IL-6_Q45A-a_R2.fastq.gz
IL-6_Q45A-b	IL-6_Q45A	IL-6_Q45A-b_R1.fastq.gz	IL-6_Q45A-b_R2.fastq.gz
IL-6_Q45A-c	IL-6_Q45A	IL-6_Q45A-c_R1.fastq.gz	IL-6_Q45A-c_R2.fastq.gz
IL-6_Q45A-d	IL-6_Q45A	IL-6_Q45A-d_R1.fastq.gz	IL-6_Q45A-d_R2.fastq.gz
IL-6_Q45A-e	IL-6_Q45A	IL-6_Q45A-e_R1.fastq.gz	IL-6_Q45A-e_R2.fastq.gz
IL-6_Q45A-f	IL-6_Q45A	IL-6_Q45A-f_R1.fastq.gz	IL-6_Q45A-f_R2.fastq.gz
IL-6_Q45A-g	IL-6_Q45A	IL-6_Q45A-g_R1.fastq.gz	IL-6_Q45A-g_R2.fastq.gz
IL-6_Q45A-h	IL-6_Q45A	IL-6_Q45A-h_R1.fastq.gz	IL-6_Q45A-h_R2.fastq.gz
IL-6_Q45A-i	IL-6_Q45A	IL-6_Q45A-i_R1.fastq.gz	IL-6_Q45A-i_R2.fastq.gz
IL-6_Q45A-j	IL-6_Q45A	IL-6_Q45A-j_R1.fastq.gz	IL-6_Q45A-j_R2.fastq.gz
IL-6_Q45A-k	IL-6_Q45A	IL-6_Q45A-k_R1.fastq.gz	IL-6_Q45A-k_R2.fastq.gz
IL-6_Q45A-l	IL-6_Q45A	IL-6_Q45A-l_R1.fastq.gz	IL-6_Q45A-l_R2.fastq.gz
IL-6_T48A-a	IL-6_T48A	IL-6_T48A-a_R1.fastq.gz	IL-6_T48A-a_R2.fastq.gz
IL-6_T48A-b	IL-6_T48A	IL-6_T48A-b_R1.fastq.gz	IL-6_T48A-b_R2.fastq.gz
IL-6_T48A-c	IL-6_T48A	IL-6_T48A-c_R1.fastq.gz	IL-6_T48A-c_R2.fastq.gz
IL-6_T48A-d	IL-6_T48A	IL-6_T48A-d_R1.fastq.gz	IL-6_T48A-d_R2.fastq.gz
IL-6_T48A-e	IL-6_T48A	IL-6_T48A-e_R1.fastq.gz	IL-6_T48A-e_R2.fastq.gz
IL-6_T48A-f	IL-6_T48A	IL-6_T48A-f_R1.fastq.gz	IL-6_T48A-f_R2.fastq.gz
IL-6_T48A-g	IL-6_T48A	IL-6_T48A-g_R1.fastq.gz	IL-6_T48A-g_R2.fastq.gz
IL-6_T48A-h	IL-6_T48A	IL-6_T48A-h_R1.fastq.gz	IL-6_T48A-h_R2.fastq.gz
IL-6_T48A-i	IL-6_T48A	IL-6_T48A-i_R1.fastq.gz	IL-6_T48A-i_R2.fastq.gz
IL-6_T48A-j	IL-6_T48A	IL-6_T48A-j_R1.fastq.gz	IL-6_T48A-j_R2.fastq.gz
IL-6_T48A-k	IL-6_T48A	IL-6_T48A-k_R1.fastq.gz	IL-6_T48A-k_R2.fastq.gz
IL-6_T48A-l	IL-6_T48A	IL-6_T48A-l_R1.fastq.gz	IL-6_T48A-l_R2.fastq.gz
IL-6_E51A-a	IL-6_E51A	IL-6_E51A-a_R1.fastq.gz	IL-6_E51A-a_R2.fastq.gz
IL-6_E51A-b	IL-6_E51A	IL-6_E51A-b_R1.fastq.gz	IL-6_E51A-b_R2.fastq.gz
IL-6_E51A-c	IL-6_E51A	IL-6_E51A-c_R1.fastq.gz	IL-6_E51A-c_R2.fastq.gz
IL-6_E51A-d	IL-6_E51A	IL-6_E51A-d_R1.fastq.gz	IL-6_E51A-d_R2.fastq.gz
IL-6_E51A-e	IL-6_E51A	IL-6_E51A-e_R1.fastq.gz	IL-6_E51A-e_R2.fastq.gz
IL-6_E51A-f	IL-6_E51A	IL-6_E51A-f_R1.fastq.gz	IL-6_E51A-f_R2.fastq.gz
IL-6_E51A-g	IL-6_E51A	IL-6_E51A-g_R1.fastq.gz	IL-6_E51A-g_R2.fastq.gz
IL-6_E51A-h	IL-6_E51A	IL-6_E51A-h_R1.fastq.gz	IL-6_E51A-h_R2.fastq.gz
IL-6_E51A-i	IL-6_E51A	IL-6_E51A-i_R1.fastq.gz	IL-6_E51A-i_R2.fastq.gz
IL-6_E51A-j	IL-6_E51A	IL-6_E51A-j_R1.fastq.gz	IL-6_E51A-j_R2.fastq.gz
IL-6_E51A-k	IL-6_E51A	IL-6_E51A-k_R1.fastq.gz	IL-6_E51A-k_R2.fastq.gz
IL-6_E51A-l	IL-6_E51A	IL-6_E51A-l_R1.fastq.gz	IL-6_E51A-l_R2.fastq.gz
IL-6_D54A-a	IL-6_D54A	IL-6_D54A-a_R1.fastq.gz	IL-6_D54A-a_R2.fastq.gz
IL-6_D54A-b	IL-6_D54A	IL-6_D54A-b_R1.fastq.gz	IL-6_D54A-b_R2.fastq.gz
IL-6_D54A-c	IL-6_D54A	IL-6_D54A-c_R1.fastq.gz	IL-6_D54A-c_R2.fastq.gz
IL-6_D54A-d	IL-6_D54A	IL-6_D54A-d_R1.fastq.gz	IL-6_D54A-d_R2.fastq.gz
IL-6_D54A-e	IL-6_D54A	IL-6_D54A-e_R1.fastq.gz	IL-6_D54A-e_R2.fastq.gz
IL-6_D54A-f	IL-6_D54A	IL-6_D54A-f_R1.fastq.gz	IL-6_D54A-f_R2.fastq.gz
IL-6_D54A-g	IL-6_D54A	IL-6_D54A-g_R1.fastq.gz	IL-6_D54A-g_R2.fastq.gz
IL-6_D54A-h	IL-6_D54A	IL-6_D54A-h_R1.fastq.gz	IL-6_D54A-h_R2.fastq.gz
IL-6_D54A-i	IL-6_D54A	IL-6_D54A-i_R1.fastq.gz	IL-6_D54A-i_R2.fastq.gz
IL-6_D54A-j	IL-6_D54A	IL-6_D54A-j_R1.fastq.gz	IL-6_D54A-j_R2.fastq.gz
IL-6_D54A-k	IL-6_D54A	IL-6_D54A-k_R1.fastq.gz	IL-6_D54A-k_R2.fastq.gz
IL-6_D54A-l	IL-6_D54A	IL-6_D54A-l_R1.fastq.gz	IL-6_D54A-l_R2.fastq.gz
IL-6_I57A-a	IL-6_I57A	IL-6_I57A-a_R1.fastq.gz	IL-6_I57A-a_R2.fastq.gz
IL-6_I57A-b	IL-6_I57A	IL-6_I57A-b_R1.fastq.gz	IL-6_I57A-b_R2.fastq.gz
IL-6_I57A-c	IL-6_I57A	IL-6_I57A-c_R1.fastq.gz	IL-6_I57A-c_R2.fastq.gz
IL-6_I57A-d	IL-6_I57A	IL-6_I57A-d_R1.fastq.gz	IL-6_I57A-d_R2.fastq.gz
IL-6_I57A-e	IL-6_I57A	IL-6_I57A-e_R1.fastq.gz	IL-6_I57A-e_R2.fastq.gz
IL-6_I57A-f	IL-6_I57A	IL-6_I57A-f_R1.fastq.gz	IL-6_I57A-f_R2.fastq.gz
IL-6_I57A-g	IL-6_I57A	IL-6_I57A-g_R1.fastq.gz	IL-6_I57A-g_R2.fastq.gz
IL-6_I57A-h	IL-6_I57A	IL-6_I57A-h_R1.fastq.gz	IL-6_I57A-h_R2.fastq.gz
IL-6_I57A-i	IL-6_I57A	IL-6_I57A-i_R1.fastq.gz	IL-6_I57A-i_R2.fastq.gz
IL-6_I57A-j	IL-6_I57A	IL-6_I57A-j_R1.fastq.gz	IL-6_I57A-j_R2.fastq.gz
IL-6_I57A-k	IL-6_I57A	IL-6_I57A-k_R1.fastq.gz	IL-6_I57A-k_R2.fastq.gz
IL-6_I57A-l	IL-6_I57A	IL-6_I57A-l_R1.fastq.gz	IL-6_I57A-l_R2.fastq.gz
IL-6_I60A-a	IL-6_I60A	IL-6_I60A-a_R1.fastq.gz	IL-6_I60A-a_R2.fastq.gz
IL-6_I60A-b	IL-6_I60A	IL-6_I60A-b_R1.fastq.gz	IL-6_I60A-b_R2.fastq.gz
IL-6_I60A-c	IL-6_I60A	IL-6_I60A-c_R1.fastq.gz	IL-6_I60A-c_R2.fastq.gz
IL-6_I60A-d	IL-6_I60A	IL-6_I60A-d_R1.fastq.gz	IL-6_I60A-d_R2.fastq.gz
IL-6_I60A-e	IL-6_I60A	IL-6_I60A-e_R1.fastq.gz	IL-6_I60A-e_R2.fastq.gz
IL-6_I60A-f	IL-6_I60A	IL-6_I60A-f_R1.fastq.gz	IL-6_I60A-f_R2.fastq.gz
IL-6_I60A-g	IL-6_I60A	IL-6_I60A-g_R1.fastq.gz	IL-6_I60A-g_R2.fastq.gz
IL-6_I60A-h	IL-6_I60A	IL-6_I60A-h_R1.fastq.gz	IL-6_I60A-h_R2.fastq.gz
IL-6_I60A-i	IL-6_I60A	IL-6_I60A-i_R1.fastq.gz	IL-6_I60A-i_R2.fastq.gz
IL-6_I60A-j	IL-6_I60A	IL-6_I60A-j_R1.fastq.gz	IL-6_I60A-j_R2.fastq.gz
IL-6_I60A-k	IL-6_I60A	IL-6_I60A-k_R1.fastq.gz	IL-6_I60A-k_R2.fastq.gz
IL-6_I60A-l	IL-6_I60A	IL-6_I60A-l_R1.fastq.gz	IL-6_I60A-l_R2.fastq.gz
IL-6_G63A-a	IL-6_G63A	IL-6_G63A-a_R1.fastq.gz	IL-6_G63A-a_R2.fastq.gz
IL-6_G63A-b	IL-6_G63A	IL-6_G63A-b_R1.fastq.gz	IL-6_G63A-b_R2.fastq.gz
IL-6_G63A-c	IL-6_G63A	IL-6_G63A-c_R1.fastq.gz	IL-6_G63A-c_R2.fastq.gz
IL-6_G63A-d	IL-6_G63A	IL-6_G63A-d_R1.fastq.gz	IL-6_G63A-d_R2.fastq.gz
IL-6_G63A-e	IL-6_G63A	IL-6_G63A-e_R1.fastq.gz	IL-6_G63A-e_R2.fastq.gz
IL-6_G63A-f	IL-6_G63A	IL-6_G63A-f_R1.fastq.gz	IL-6_G63A-f_R2.fastq.gz
IL-6_G63A-g	IL-6_G63A	IL-6_G63A-g_R1.fastq.gz	IL-6_G63A-g_R2.fastq.gz
IL-6_G63A-h	IL-6_G63A	IL-6_G63A-h_R1.fastq.gz	IL-6_G63A-h_R2.fastq.gz
IL-6_G63A-i	IL-6_G63A	IL-6_G63A-i_R1.fastq.gz	IL-6_G63A-i_R2.fastq.gz
IL-6_G63A-j	IL-6_G63A	IL-6_G63A-j_R1.fastq.gz	IL-6_G63A-j_R2.fastq.gz
IL-6_G63A-k	IL-6_G63A	IL-6_G63A-k_R1.fastq.gz	IL-6_G63A-k_R2.fastq.gz
IL-6_G63A-l	IL-6_G63A	IL-6_G63A-l_R1.fastq.gz	IL-6_G63A-l_R2.fastq.gz
IL-6_K69A-a	IL-6_K69A	IL-6_K69A-a_R1.fastq.gz	IL-6_K69A-a_R2.fastq.gz
IL-6_K69A-b	IL-6_K69A	IL-6_K69A-b_R1.fastq.gz	IL-6_K69A-b_R2.fastq.gz
IL-6_K69A-c	IL-6_K69A	IL-6_K69A-c_R1.fastq.gz	IL-6_K69A-c_R2.fastq.gz
IL-6_K69A-d	IL-6_K69A	IL-6_K69A-d_R1.fastq.gz	IL-6_K69A-d_R2.fastq.gz
IL-6_K69A-e	IL-6_K69A	IL-6_K69A-e_R1.fastq.gz	IL-6_K69A-e_R2.fastq.gz
IL-6_K69A-f	IL-6_K69A	IL-6_K69A-f_R1.fastq.gz	IL-6_K69A-f_R2.fastq.gz
IL-6_K69A-g	IL-6_K69A	IL-6_K69A-g_R1.fastq.gz	IL-6_K69A-g_R2.fastq.gz
IL-6_K69A-h	IL-6_K69A	IL-6_K69A-h_R1.fastq.gz	IL-6_K69A-h_R2.fastq.gz
IL-6_K69A-i	IL-6_K69A	IL-6_K69A-i_R1.fastq.gz	IL-6_K69A-i_R2.fastq.gz
IL-6_K69A-j	IL-6_K69A	IL-6_K69A-j_R1.fastq.gz	IL-6_K69A-j_R2.fastq.gz
IL-6_K69A-k	IL-6_K69A	IL-6_K69A-k_R1.fastq.gz	IL-6_K69A-k_R2.fastq.gz
IL-6_K69A-l	IL-6_K69A	IL-6_K69A-l_R1.fastq.gz	IL-6_K69A-l_R2.fastq.gz
IL-6_C72A-a	IL-6_C72A	IL-6_C72A-a_R1.fastq.gz	IL-6_C72A-a_R2.fastq.gz
IL-6_C72A-b	IL-6_C72A	IL-6_C72A-b_R1.fastq.gz	IL-6_C72A-b_R2.fastq.gz
IL-6_C72A-c	IL-6_C72A	IL-6_C72A-c_R1.fastq.gz	IL-6_C72A-c_R2.fastq.gz
IL-6_C72A-d	IL-6_C72A	IL-6_C72A-d_R1.fastq.gz	IL-6_C72A-d_R2.fastq.gz
IL-6_C72A-e	IL-6_C72A	IL-6_C72A-e_R1.fastq.gz	IL-6_C72A-e_R2.fastq.gz
IL-6_C72A-f	IL-6_C72A	IL-6_C72A-f_R1.fastq.gz	IL-6_C72A-f_R2.fastq.gz
IL-6_C72A-g	IL-6_C72A	IL-6_C72A-g_R1.fastq.gz	IL-6_C72A-g_R2.fastq.gz
IL-6_C72A-h	IL-6_C72A	IL-6_C72A-h_R1.fastq.gz	IL-6_C72A-h_R2.fastq.gz
IL-6_C72A-i	IL-6_C72A	IL-6_C72A-i_R1.fastq.gz	IL-6_C72A-i_R2.fastq.gz
IL-6_C72A-j	IL-6_C72A	IL-6_C72A-j_R1.fastq.gz	IL-6_C72A-j_R2.fastq.gz
IL-6_C72A-k	IL-6_C72A	IL-6_C72A-k_R1.fastq.gz	IL-6_C72A-k_R2.fastq.gz
IL-6_C72A-l	IL-6_C72A	IL-6_C72A-l_R1.fastq.gz	IL-6_C72A-l_R2.fastq.gz
IL-6_C78A-a	IL-6_C78A	IL-6_C78A-a_R1.fastq.gz	IL-6_C78A-a_R2.fastq.gz
IL-6_C78A-b	IL-6_C78A	IL-6_C78A-b_R1.fastq.gz	IL-6_C78A-b_R2.fastq.gz
IL-6_C78A-c	IL-6_C78A	IL-6_C78A-c_R1.fastq.gz	IL-6_C78A-c_R2.fastq.gz
IL-6_C78A-d	IL-6_C78A	IL-6_C78A-d_R1.fastq.gz	IL-6_C78A-d_R2.fastq.gz
IL-6_C78A-e	IL-6_C78A	IL-6_C78A-e_R1.fastq.gz	IL-6_C78A-e_R2.fastq.gz
IL-6_C78A-f	IL-6_C78A	IL-6_C78A-f_R1.fastq.gz	IL-6_C78A-f_R2.fastq.gz
IL-6_C78A-g	IL-6_C78A	IL-6_C78A-g_R1.fastq.gz	IL-6_C78A-g_R2.fastq.gz
IL-6_C78A-h	IL-6_C78A	IL-6_C78A-h_R1.fastq.gz	IL-6_C78A-h_R2.fastq.gz
IL-6_C78A-i	IL-6_C78A	IL-6_C78A-i_R1.fastq.gz	IL-6_C78A-i_R2.fastq.gz
IL-6_C78A-j	IL-6_C78A	IL-6_C78A-j_R1.fastq.gz	IL-6_C78A-j_R2.fastq.gz
IL-6_C78A-k	IL-6_C78A	IL-6_C78A-k_R1.fastq.gz	IL-6_C78A-k_R2.fastq.gz
IL-6_C78A-l	IL-6_C78A	IL-6_C78A-l_R1.fastq.gz	IL-6_C78A-l_R2.fastq.gz
IL-6_S81A-a	IL-6_S81A	IL-6_S81A-a_R1.fastq.gz	IL-6_S81A-a_R2.fastq.gz
IL-6_S81A-b	IL-6_S81A	IL-6_S81A-b_R1.fastq.gz	IL-6_S81A-b_R2.fastq.gz
IL-6_S81A-c	IL-6_S81A	IL-6_S81A-c_R1.fastq.gz	IL-6_S81A-c_R2.fastq.gz
IL-6_S81A-d	IL-6_S81A	IL-6_S81A-d_R1.fastq.gz	IL-6_S81A-d_R2.fastq.gz
IL-6_S81A-e	IL-6_S81A	IL-6_S81A-e_R1.fastq.gz	IL-6_S81A-e_R2.fastq.gz
IL-6_S81A-f	IL-6_S81A	IL-6_S81A-f_R1.fastq.gz	IL-6_S81A-f_R2.fastq.gz
IL-6_S81A-g	IL-6_S81A	IL-6_S81A-g_R1.fastq.gz	IL-6_S81A-g_R2.fastq.gz
IL-6_S81A-h	IL-6_S81A	IL-6_S81A-h_R1.fastq.gz	IL-6_S81A-h_R2.fastq.gz
IL-6_S81A-i	IL-6_S81A	IL-6_S81A-i_R1.fastq.gz	IL-6_S81A-i_R2.fastq.gz
IL-6_S81A-j	IL-6_S81A	IL-6_S81A-j_R1.fastq.gz	IL-6_S81A-j_R2.fastq.gz
IL-6_S81A-k	IL-6_S81A	IL-6_S81A-k_R1.fastq.gz	IL-6_S81A-k_R2.fastq.gz
IL-6_S81A-l	IL-6_S81A	IL-6_S81A-l_R1.fastq.gz	IL-6_S81A-l_R2.fastq.gz
IL-6_E87A-a	IL-6_E87A	IL-6_E87A-a_R1.fastq.gz	IL-6_E87A-a_R2.fastq.gz
IL-6_E87A-b	IL-6_E87A	IL-6_E87A-b_R1.fastq.gz	IL-6_E87A-b_R2.fastq.gz
IL-6_E87A-c	IL-6_E87A	IL-6_E87A-c_R1.fastq.gz	IL-6_E87A-c_R2.fastq.gz
IL-6_E87A-d	IL-6_E87A	IL-6_E87A-d_R1.fastq.gz	IL-6_E87A-d_R2.fastq.gz
IL-6_E87A-e	IL-6_E87A	IL-6_E87A-e_R1.fastq.gz	IL-6_E87A-e_R2.fastq.gz
IL-6_E87A-f	IL-6_E87A	IL-6_E87A-f_R1.fastq.gz	IL-6_E87A-f_R2.fastq.gz
IL-6_E87A-g	IL-6_E87A	IL-6_E87A-g_R1.fastq.gz	IL-6_E87A-g_R2.fastq.gz
IL-6_E87A-h	IL-6_E87A	IL-6_E87A-h_R1.fastq.gz	IL-6_E87A-h_R2.fastq.gz
IL-6_E87A-i	IL-6_E87A	IL-6_E87A-i_R1.fastq.gz	IL-6_E87A-i_R2.fastq.gz
IL-6_E87A-j	IL-6_E87A	IL-6_E87A-j_R1.fastq.gz	IL-6_E87A-j_R2.fastq.gz
IL-6_E87A-k	IL-6_E87A	IL-6_E87A-k_R1.fastq.gz	IL-6_E87A-k_R2.fastq.gz
IL-6_E87A-l	IL-6_E87A	IL-6_E87A-l_R1.fastq.gz	IL-6_E87A-l_R2.fastq.gz
IL-6_L90A-a	IL-6_L90A	IL-6_L90A-a_R1.fastq.gz	IL-6_L90A-a_R2.fastq.gz
IL-6_L90A-b	IL-6_L90A	IL-6_L90A-b_R1.fastq.gz	IL-6_L90A-b_R2.fastq.gz
IL-6_L90A-c	IL-6_L90A	IL-6_L90A-c_R1.fastq.gz	IL-6_L90A-c_R2.fastq.gz
IL-6_L90A-d	IL-6_L90A	IL-6_L90A-d_R1.fastq.gz	IL-6_L90A-d_R2.fastq.gz
IL-6_L90A-e	IL-6_L90A	IL-6_L90A-e_R1.fastq.gz	IL-6_L90A-e_R2.fastq.gz
IL-6_L90A-f	IL-6_L90A	IL-6_L90A-f_R1.fastq.gz	IL-6_L90A-f_R2.fastq.gz
IL-6_L90A-g	IL-6_L90A	IL-6_L90A-g_R1.fastq.gz	IL-6_L90A-g_R2.fastq.gz
IL-6_L90A-h	IL-6_L90A	IL-6_L90A-h_R1.fastq.gz	IL-6_L90A-h_R2.fastq.gz
IL-6_L90A-i	IL-6_L90A	IL-6_L90A-i_R1.fastq.gz	IL-6_L90A-i_R2.fastq.gz
IL-6_L90A-j	IL-6_L90A	IL-6_L90A-j_R1.fastq.gz	IL-6_L90A-j_R2.fastq.gz
IL-6_L90A-k	IL-6_L90A	IL-6_L90A-k_R1.fastq.gz	IL-6_L90A-k_R2.fastq.gz
IL-6_L90A-l	IL-6_L90A	IL-6_L90A-l_R1.fastq.gz	IL-6_L90A-l_R2.fastq.gz
IL-6_P93A-a	IL-6_P93A	IL-6_P93A-a_R1.fastq.gz	IL-6_P93A-a_R2.fastq.gz
IL-6_P93A-b	IL-6_P93A	IL-6_P93A-b_R1.fastq.gz	IL-6_P93A-b_R2.fastq.gz
IL-6_P93A-c	IL-6_P93A	IL-6_P93A-c_R1.fastq.gz	IL-6_P93A-c_R2.fastq.gz
IL-6_P93A-d	IL-6_P93A	IL-6_P93A-d_R1.fastq.gz	IL-6_P93A-d_R2.fastq.gz
IL-6_P93A-e	IL-6_P93A	IL-6_P93A-e_R1.fastq.gz	IL-6_P93A-e_R2.fastq.gz
IL-6_P93A-f	IL-6_P93A	IL-6_P93A-f_R1.fastq.gz	IL-6_P93A-f_R2.fastq.gz
IL-6_P93A-g	IL-6_P93A	IL-6_P93A-g_R1.fastq.gz	IL-6_P93A-g_R2.fastq.gz
IL-6_P93A-h	IL-6_P93A	IL-6_P93A-h_R1.fastq.gz	IL-6_P93A-h_R2.fastq.gz
IL-6_P93A-i	IL-6_P93A	IL-6_P93A-i_R1.fastq.gz	IL-6_P93A-i_R2.fastq.gz
IL-6_P93A-j	IL-6_P93A	IL-6_P93A-j_R1.fastq.gz	IL-6_P93A-j_R2.fastq.gz
IL-6_P93A-k	IL-6_P93A	IL-6_P93A-k_R1.fastq.gz	IL-6_P93A-k_R2.fastq.gz
IL-6_P93A-l	IL-6_P93A	IL-6_P93A-l_R1.fastq.gz	IL-6_P93A-l_R2.fastq.gz
IL-6_D99A-a	IL-6_D99A	IL-6_D99A-a_R1.fastq.gz	IL-6_D99A-a_R2.fastq.gz
IL-6_D99A-b	IL-6_D99A	IL-6_D99A-b_R1.fastq.gz	IL-6_D99A-b_R2.fastq.gz
IL-6_D99A-c	IL-6_D99A	IL-6_D99A-c_R1.fastq.gz	IL-6_D99A-c_R2.fastq.gz
IL-6_D99A-d	IL-6_D99A	IL-6_D99A-d_R1.fastq.gz	IL-6_D99A-d_R2.fastq.gz
IL-6_D99A-e	IL-6_D99A	IL-6_D99A-e_R1.fastq.gz	IL-6_D99A-e_R2.fastq.gz
IL-6_D99A-f	IL-6_D99A	IL-6_D99A-f_R1.fastq.gz	IL-6_D99A-f_R2.fastq.gz
IL-6_D99A-g	IL-6_D99A	IL-6_D99A-g_R1.fastq.gz	IL-6_D99A-g_R2.fastq.gz
IL-6_D99A-h	IL-6_D99A	IL-6_D99A-h_R1.fastq.gz	IL-6_D99A-h_R2.fastq.gz
IL-6_D99A-i	IL-6_D99A	IL-6_D99A-i_R1.fastq.gz	IL-6_D99A-i_R2.fastq.gz
IL-6_D99A-j	IL-6_D99A	IL-6_D99A-j_R1.fastq.gz	IL-6_D99A-j_R2.fastq.gz
IL-6_D99A-k	IL-6_D99A	IL-6_D99A-k_R1.fastq.gz	IL-6_D99A-k_R2.fastq.gz
IL-6_D99A-l	IL-6_D99A	IL-6_D99A-l_R1.fastq.gz	IL-6_D99A-l_R2.fastq.gz
IL-6_F102A-a	IL-6_F102A	IL-6_F102A-a_R1.fastq.gz	IL-6_F102A-a_R2.fastq.gz
IL-6_F102A-b	IL-6_F102A	IL-6_F102A-b_R1.fastq.gz	IL-6_F102A-b_R2.fastq.gz
IL-6_F102A-c	IL-6_F102A	IL-6_F102A-c_R1.fastq.gz	IL-6_F102A-c_R2.fastq.gz
IL-6_F102A-d	IL-6_F102A	IL-6_F102A-d_R1.fastq.gz	IL-6_F102A-d_R2.fastq.gz
IL-6_F102A-e	IL-6_F102A	IL-6_F102A-e_R1.fastq.gz	IL-6_F102A-e_R2.fastq.gz
IL-6_F102A-f	IL-6_F102A	IL-6_F102A-f_R1.fastq.gz	IL-6_F102A-f_R2.fastq.gz
IL-6_F102A-g	IL-6_F102A	IL-6_F102A-g_R1.fastq.gz	IL-6_F102A-g_R2.fastq.gz
IL-6_F102A-h	IL-6_F102A	IL-6_F102A-h_R1.fastq.gz	IL-6_F102A-h_R2.fastq.gz
IL-6_F102A-i	IL-6_F102A	IL-6_F102A-i_R1.fastq.gz	IL-6_F102A-i_R2.fastq.gz
IL-6_F102A-j	IL-6_F102A	IL-6_F102A-j_R1.fastq.gz	IL-6_F102A-j_R2.fastq.gz
IL-6_F102A-k	IL-6_F102A	IL-6_F102A-k_R1.fastq.gz	IL-6_F102A-k_R2.fastq.gz
IL-6_F102A-l	IL-6_F102A	IL-6_F102A-l_R1.fastq.gz	IL-6_F102A-l_R2.fastq.gz
IL-6_G105A-a	IL-6_G105A	IL-6_G105A-a_R1.fastq.gz	IL-6_G105A-a_R2.fastq.gz
IL-6_G105A-b	IL-6_G105A	IL-6_G105A-b_R1.fastq.gz	IL-6_G105A-b_R2.fastq.gz
IL-6_G105A-c	IL-6_G105A	IL-6_G105A-c_R1.fastq.gz	IL-6_G105A-c_R2.fastq.gz
IL-6_G105A-d	IL-6_G105A	IL-6_G105A-d_R1.fastq.gz	IL-6_G105A-d_R2.fastq.gz
IL-6_G105A-e	IL-6_G105A	IL-6_G105A-e_R1.fastq.gz	IL-6_G105A-e_R2.fastq.gz
IL-6_G105A-f	IL-6_G105A	IL-6_G105A-f_R1.fastq.gz	IL-6_G105A-f_R2.fastq.gz
IL-6_G105A-g	IL-6_G105A	IL-6_G105A-g_R1.fastq.gz	IL-6_G105A-g_R2.fastq.gz
IL-6_G105A-h	IL-6_G105A	IL-6_G105A-h_R1.fastq.gz	IL-6_G105A-h_R2.fastq.gz
IL-6_G105A-i	IL-6_G105A	IL-6_G105A-i_R1.fastq.gz	IL-6_G105A-i_R2.fastq.gz
IL-6_G105A-j	IL-6_G105A	IL-6_G105A-j_R1.fastq.gz	IL-6_G105A-j_R2.fastq.gz
IL-6_G105A-k	IL-6_G105A	IL-6_G105A-k_R1.fastq.gz	IL-6_G105A-k_R2.fastq.gz
IL-6_G105A-l	IL-6_G105A	IL-6_G105A-l_R1.fastq.gz	IL-6_G105A-l_R2.fastq.gz
IL-6_E108A-a	IL-6_E108A	IL-6_E108A-a_R1.fastq.gz	IL-6_E108A-a_R2.fastq.gz
IL-6_E108A-b	IL-6_E108A	IL-6_E108A-b_R1.fastq.gz	IL-6_E108A-b_R2.fastq.gz
IL-6_E108A-c	IL-6_E108A	IL-6_E108A-c_R1.fastq.gz	IL-6_E108A-c_R2.fastq.gz
IL-6_E108A-d	IL-6_E108A	IL-6_E108A-d_R1.fastq.gz	IL-6_E108A-d_R2.fastq.gz
IL-6_E108A-e	IL-6_E108A	IL-6_E108A-e_R1.fastq.gz	IL-6_E108A-e_R2.fastq.gz
IL-6_E108A-f	IL-6_E108A	IL-6_E108A-f_R1.fastq.gz	IL-6_E108A-f_R2.fastq.gz
IL-6_E108A-g	IL-6_E108A	IL-6_E108A-g_R1.fastq.gz	IL-6_E108A-g_R2.fastq.gz
IL-6_E108A-h	IL-6_E108A	IL-6_E108A-h_R1.fastq.gz	IL-6_E108A-h_R2.fastq.gz
IL-6_E108A-i	IL-6_E108A	IL-6_E108A-i_R1.fastq.gz	IL-6_E108A-i_R2.fastq.gz
IL-6_E108A-j	IL-6_E108A	IL-6_E108A-j_R1.fastq.gz	IL-6_E108A-j_R2.fastq.gz
IL-6_E108A-k	IL-6_E108A	IL-6_E108A-k_R1.fastq.gz	IL-6_E108A-k_R2.fastq.gz
IL-6_E108A-l	IL-6_E108A	IL-6_E108A-l_R1.fastq.gz	IL-6_E108A-l_R2.fastq.gz
IL-6_T117A-a	IL-6_T117A	IL-6_T117A-a_R1.fastq.gz	IL-6_T117A-a_R2.fastq.gz
IL-6_T117A-b	IL-6_T117A	IL-6_T117A-b_R1.fastq.gz	IL-6_T117A-b_R2.fastq.gz
IL-6_T117A-c	IL-6_T117A	IL-6_T117A-c_R1.fastq.gz	IL-6_T117A-c_R2.fastq.gz
IL-6_T117A-d	IL-6_T117A	IL-6_T117A-d_R1.fastq.gz	IL-6_T117A-d_R2.fastq.gz
IL-6_T117A-e	IL-6_T117A	IL-6_T117A-e_R1.fastq.gz	IL-6_T117A-e_R2.fastq.gz
IL-6_T117A-f	IL-6_T117A	IL-6_T117A-f_R1.fastq.gz	IL-6_T117A-f_R2.fastq.gz
IL-6_T117A-g	IL-6_T117A	IL-6_T117A-g_R1.fastq.gz	IL-6_T117A-g_R2.fastq.gz
IL-6_T117A-h	IL-6_T117A	IL-6_T117A-h_R1.fastq.gz	IL-6_T117A-h_R2.fastq.gz
IL-6_T117A-i	IL-6_T117A	IL-6_T117A-i_R1.fastq.gz	IL-6_T117A-i_R2.fastq.gz
IL-6_T117A-j	IL-6_T117A	IL-6_T117A-j_R1.fastq.gz	IL-6_T117A-j_R2.fastq.gz
IL-6_T117A-k	IL-6_T117A	IL-6_T117A-k_R1.fastq.gz	IL-6_T117A-k_R2.fastq.gz
IL-6_T117A-l	IL-6_T117A	IL-6_T117A-l_R1.fastq.gz	IL-6_T117A-l_R2.fastq.gz
IL-6_L120A-a	IL-6_L120A	IL-6_L120A-a_R1.fastq.gz	IL-6_L120A-a_R2.fastq.gz
IL-6_L120A-b	IL-6_L120A	IL-6_L120A-b_R1.fastq.gz	IL-6_L120A-b_R2.fastq.gz
IL-6_L120A-c	IL-6_L120A	IL-6_L120A-c_R1.fastq.gz	IL-6_L120A-c_R2.fastq.gz
IL-6_L120A-d	IL-6_L120A	IL-6_L120A-d_R1.fastq.gz	IL-6_L120A-d_R2.fastq.gz
IL-6_L120A-e	IL-6_L120A	IL-6_L120A-e_R1.fastq.gz	IL-6_L120A-e_R2.fastq.gz
IL-6_L120A-f	IL-6_L120A	IL-6_L120A-f_R1.fastq.gz	IL-6_L120A-f_R2.fastq.gz
IL-6_L120A-g	IL-6_L120A	IL-6_L120A-g_R1.fastq.gz	IL-6_L120A-g_R2.fastq.gz
IL-6_L120A-h	IL-6_L120A	IL-6_L120A-h_R1.fastq.gz	IL-6_L120A-h_R2.fastq.gz
IL-6_L120A-i	IL-6_L120A	IL-6_L120A-i_R1.fastq.gz	IL-6_L120A-i_R2.fastq.gz
IL-6_L120A-j	IL-6_L120A	IL-6_L120A-j_R1.fastq.gz	IL-6_L120A-j_R2.fastq.gz
IL-6_L120A-k	IL-6_L120A	IL-6_L120A-k_R1.fastq.gz	IL-6_L120A-k_R2.fastq.gz
IL-6_L120A-l	IL-6_L120A	IL-6_L120A-l_R1.fastq.gz	IL-6_L120A-l_R2.fastq.gz
IL-6_L126A-a	IL-6_L126A	IL-6_L126A-a_R1.fastq.gz	IL-6_L126A-a_R2.fastq.gz
IL-6_L126A-b	IL-6_L126A	IL-6_L126A-b_R1.fastq.gz	IL-6_L126A-b_R2.fastq.gz
IL-6_L126A-c	IL-6_L126A	IL-6_L126A-c_R1.fastq.gz	IL-6_L126A-c_R2.fastq.gz
IL-6_L126A-d	IL-6_L126A	IL-6_L126A-d_R1.fastq.gz	IL-6_L126A-d_R2.fastq.gz
IL-6_L126A-e	IL-6_L126A	IL-6_L126A-e_R1.fastq.gz	IL-6_L126A-e_R2.fastq.gz
IL-6_L126A-f	IL-6_L126A	IL-6_L126A-f_R1.fastq.gz	IL-6_L126A-f_R2.fastq.gz
IL-6_L126A-g	IL-6_L126A	IL-6_L126A-g_R1.fastq.gz	IL-6_L126A-g_R2.fastq.gz
IL-6_L126A-h	IL-6_L126A	IL-6_L126A-h_R1.fastq.gz	IL-6_L126A-h_R2.fastq.gz
IL-6_L126A-i	IL-6_L126A	IL-6_L126A-i_R1.fastq.gz	IL-6_L126A-i_R2.fastq.gz
IL-6_L126A-j	IL-6_L126A	IL-6_L126A-j_R1.fastq.gz	IL-6_L126A-j_R2.fastq.gz
IL-6_L126A-k	IL-6_L126A	IL-6_L126A-k_R1.fastq.gz	IL-6_L126A-k_R2.fastq.gz
IL-6_L126A-l	IL-6_L126A	IL-6_L126A-l_R1.fastq.gz	IL-6_L126A-l_R2.fastq.gz
IL-6_L129A-a	IL-6_L129A	IL-6_L129A-a_R1.fastq.gz	IL-6_L129A-a_R2.fastq.gz
IL-6_L129A-b	IL-6_L129A	IL-6_L129A-b_R1.fastq.gz	IL-6_L129A-b_R2.fastq.gz
IL-6_L129A-c	IL-6_L129A	IL-6_L129A-c_R1.fastq.gz	IL-6_L129A-c_R2.fastq.gz
IL-6_L129A-d	IL-6_L129A	IL-6_L129A-d_R1.fastq.gz	IL-6_L129A-d_R2.fastq.gz
IL-6_L129A-e	IL-6_L129A	IL-6_L129A-e_R1.fastq.gz	IL-6_L129A-e_R2.fastq.gz
IL-6_L129A-f	IL-6_L129A	IL-6_L129A-f_R1.fastq.gz	IL-6_L129A-f_R2.fastq.gz
IL-6_L129A-g	IL-6_L129A	IL-6_L129A-g_R1.fastq.gz	IL-6_L129A-g_R2.fastq.gz
IL-6_L129A-h	IL-6_L129A	IL-6_L129A-h_R1.fastq.gz	IL-6_L129A-h_R2.fastq.gz
IL-6_L129A-i	IL-6_L129A	IL-6_L129A-i_R1.fastq.gz	IL-6_L129A-i_R2.fastq.gz
IL-6_L129A-j	IL-6_L129A	IL-6_L129A-j_R1.fastq.gz	IL-6_L129A-j_R2.fastq.gz
IL-6_L129A-k	IL-6_L129A	IL-6_L129A-k_R1.fastq.gz	IL-6_L129A-k_R2.fastq.gz
IL-6_L129A-l	IL-6_L129A	IL-6_L129A-l_R1.fastq.gz	IL-6_L129A-l_R2.fastq.gz
IL-6_S135A-a	IL-6_S135A	IL-6_S135A-a_R1.fastq.gz	IL-6_S135A-a_R2.fastq.gz
IL-6_S135A-b	IL-6_S135A	IL-6_S135A-b_R1.fastq.gz	IL-6_S135A-b_R2.fastq.gz
IL-6_S135A-c	IL-6_S135A	IL-6_S135A-c_R1.fastq.gz	IL-6_S135A-c_R2.fastq.gz
IL-6_S135A-d	IL-6_S135A	IL-6_S135A-d_R1.fastq.gz	IL-6_S135A-d_R2.fastq.gz
IL-6_S135A-e	IL-6_S135A	IL-6_S135A-e_R1.fastq.gz	IL-6_S135A-e_R2.fastq.gz
IL-6_S135A-f	IL-6_S135A	IL-6_S135A-f_R1.fastq.gz	IL-6_S135A-f_R2.fastq.gz
IL-6_S135A-g	IL-6_S135A	IL-6_S135A-g_R1.fastq.gz	IL-6_S135A-g_R2.fastq.gz
IL-6_S135A-h	IL-6_S135A	IL-6_S135A-h_R1.fastq.gz	IL-6_S135A-h_R2.fastq.gz
IL-6_S135A-i	IL-6_S135A	IL-6_S135A-i_R1.fastq.gz	IL-6_S135A-i_R2.fastq.gz
IL-6_S135A-j	IL-6_S135A	IL-6_S135A-j_R1.fastq.gz	IL-6_S135A-j_R2.fastq.gz
IL-6_S135A-k	IL-6_S135A	IL-6_S135A-k_R1.fastq.gz	IL-6_S135A-k_R2.fastq.gz
IL-6_S135A-l	IL-6_S135A	IL-6_S135A-l_R1.fastq.gz	IL-6_S135A-l_R2.fastq.gz
IL-6_E138A-a	IL-6_E138A	IL-6_E138A-a_R1.fastq.gz	IL-6_E138A-a_R2.fastq.gz
IL-6_E138A-b	IL-6_E138A	IL-6_E138A-b_R1.fastq.gz	IL-6_E138A-b_R2.fastq.gz
IL-6_E138A-c	IL-6_E138A	IL-6_E138A-c_R1.fastq.gz	IL-6_E138A-c_R2.fastq.gz
IL-6_E138A-d	IL-6_E138A	IL-6_E138A-d_R1.fastq.gz	IL-6_E138A-d_R2.fastq.gz
IL-6_E138A-e	IL-6_E138A	IL-6_E138A-e_R1.fastq.gz	IL-6_E138A-e_R2.fastq.gz
IL-6_E138A-f	IL-6_E138A	IL-6_E138A-f_R1.fastq.gz	IL-6_E138A-f_R2.fastq.gz
IL-6_E138A-g	IL-6_E138A	IL-6_E138A-g_R1.fastq.gz	IL-6_E138A-g_R2.fastq.gz
IL-6_E138A-h	IL-6_E138A	IL-6_E138A-h_R1.fastq.gz	IL-6_E138A-h_R2.fastq.gz
IL-6_E138A-i	IL-6_E138A	IL-6_E138A-i_R1.fastq.gz	IL-6_E138A-i_R2.fastq.gz
IL-6_E138A-j	IL-6_E138A	IL-6_E138A-j_R1.fastq.gz	IL-6_E138A-j_R2.fastq.gz
IL-6_E138A-k	IL-6_E138A	IL-6_E138A-k_R1.fastq.gz	IL-6_E138A-k_R2.fastq.gz
IL-6_E138A-l	IL-6_E138A	IL-6_E138A-l_R1.fastq.gz	IL-6_E138A-l_R2.fastq.gz
IL-6_Q144A-a	IL-6_Q144A	IL-6_Q144A-a_R1.fastq.gz	IL-6_Q144A-a_R2.fastq.gz
IL-6_Q144A-b	IL-6_Q144A	IL-6_Q144A-b_R1.fastq.gz	IL-6_Q144A-b_R2.fastq.gz
IL-6_Q144A-c	IL-6_Q144A	IL-6_Q144A-c_R1.fastq.gz	IL-6_Q144A-c_R2.fastq.gz
IL-6_Q144A-d	IL-6_Q144A	IL-6_Q144A-d_R1.fastq.gz	IL-6_Q144A-d_R2.fastq.gz
IL-6_Q144A-e	IL-6_Q144A	IL-6_Q144A-e_R1.fastq.gz	IL-6_Q144A-e_R2.fastq.gz
IL-6_Q144A-f	IL-6_Q144A	IL-6_Q144A-f_R1.fastq.gz	IL-6_Q144A-f_R2.fastq.gz
IL-6_Q144A-g	IL-6_Q144A	IL-6_Q144A-g_R1.fastq.gz	IL-6_Q144A-g_R2.fastq.gz
IL-6_Q144A-h	IL-6_Q144A	IL-6_Q144A-h_R1.fastq.gz	IL-6_Q144A-h_R2.fastq.gz
IL-6_Q144A-i	IL-6_Q144A	IL-6_Q144A-i_R1.fastq.gz	IL-6_Q144A-i_R2.fastq.gz
IL-6_Q144A-j	IL-6_Q144A	IL-6_Q144A-j_R1.fastq.gz	IL-6_Q144A-j_R2.fastq.gz
IL-6_Q144A-k	IL-6_Q144A	IL-6_Q144A-k_R1.fastq.gz	IL-6_Q144A-k_R2.fastq.gz
IL-6_Q144A-l	IL-6_Q144A	IL-6_Q144A-l_R1.fastq.gz	IL-6_Q144A-l_R2.fastq.gz
IL-6_F153A-a	IL-6_F153A	IL-6_F153A-a_R1.fastq.gz	IL-6_F153A-a_R2.fastq.gz
IL-6_F153A-b	IL-6_F153A	IL-6_F153A-b_R1.fastq.gz	IL-6_F153A-b_R2.fastq.gz
IL-6_F153A-c	IL-6_F153A	IL-6_F153A-c_R1.fastq.gz	IL-6_F153A-c_R2.fastq.gz
IL-6_F153A-d	IL-6_F153A	IL-6_F153A-d_R1.fastq.gz	IL-6_F153A-d_R2.fastq.gz
IL-6_F153A-e	IL-6_F153A	IL-6_F153A-e_R1.fastq.gz	IL-6_F153A-e_R2.fastq.gz
IL-6_F153A-f	IL-6_F153A	IL-6_F153A-f_R1.fastq.gz	IL-6_F153A-f_R2.fastq.gz
IL-6_F153A-g	IL-6_F153A	IL-6_F153A-g_R1.fastq.gz	IL-6_F153A-g_R2.fastq.gz
IL-6_F153A-h	IL-6_F153A	IL-6_F153A-h_R1.fastq.gz	IL-6_F153A-h_R2.fastq.gz
IL-6_F153A-i	IL-6_F153A	IL-6_F153A-i_R1.fastq.gz	IL-6_F153A-i_R2.fastq.gz
IL-6_F153A-j	IL-6_F153A	IL-6_F153A-j_R1.fastq.gz	IL-6_F153A-j_R2.fastq.gz
IL-6_F153A-k	IL-6_F153A	IL-6_F153A-k_R1.fastq.gz	IL-6_F153A-k_R2.fastq.gz
IL-6_F153A-l	IL-6_F153A	IL-6_F153A-l_R1.fastq.gz	IL-6_F153A-l_R2.fastq.gz
IL-6_D162A-a	IL-6_D162A	IL-6_D162A-a_R1.fastq.gz	IL-6_D162A-a_R2.fastq.gz
IL-6_D162A-b	IL-6_D162A	IL-6_D162A-b_R1.fastq.gz	IL-6_D162A-b_R2.fastq.gz
IL-6_D162A-c	IL-6_D162A	IL-6_D162A-c_R1.fastq.gz	IL-6_D162A-c_R2.fastq.gz
IL-6_D162A-d	IL-6_D162A	IL-6_D162A-d_R1.fastq.gz	IL-6_D162A-d_R2.fastq.gz
IL-6_D162A-e	IL-6_D162A	IL-6_D162A-e_R1.fastq.gz	IL-6_D162A-e_R2.fastq.gz
IL-6_D162A-f	IL-6_D162A	IL-6_D162A-f_R1.fastq.gz	IL-6_D162A-f_R2.fastq.gz
IL-6_D162A-g	IL-6_D162A	IL-6_D162A-g_R1.fastq.gz	IL-6_D162A-g_R2.fastq.gz
IL-6_D162A-h	IL-6_D162A	IL-6_D162A-h_R1.fastq.gz	IL-6_D162A-h_R2.fastq.gz
IL-6_D162A-i	IL-6_D162A	IL-6_D162A-i_R1.fastq.gz	IL-6_D162A-i_R2.fastq.gz
IL-6_D162A-j	IL-6_D162A	IL-6_D162A-j_R1.fastq.gz	IL-6_D162A-j_R2.fastq.gz
IL-6_D162A-k	IL-6_D162A	IL-6_D162A-k_R1.fastq.gz	IL-6_D162A-k_R2.fastq.gz
IL-6_D162A-l	IL-6_D162A	IL-6_D162A-l_R1.fastq.gz	IL-6_D162A-l_R2.fastq.gz
IL-6_T165A-a	IL-6_T165A	IL-6_T165A-a_R1.fastq.gz	IL-6_T165A-a_R2.fastq.gz
IL-6_T165A-b	IL-6_T165A	IL-6_T165A-b_R1.fastq.gz	IL-6_T165A-b_R2.fastq.gz
IL-6_T165A-c	IL-6_T165A	IL-6_T165A-c_R1.fastq.gz	IL-6_T165A-c_R2.fastq.gz
IL-6_T165A-d	IL-6_T165A	IL-6_T165A-d_R1.fastq.gz	IL-6_T165A-d_R2.fastq.gz
IL-6_T165A-e	IL-6_T165A	IL-6_T165A-e_R1.fastq.gz	IL-6_T165A-e_R2.fastq.gz
IL-6_T165A-f	IL-6_T165A	IL-6_T165A-f_R1.fastq.gz	IL-6_T165A-f_R2.fastq.gz
IL-6_T165A-g	IL-6_T165A	IL-6_T165A-g_R1.fastq.gz	IL-6_T165A-g_R2.fastq.gz
IL-6_T165A-h	IL-6_T165A	IL-6_T165A-h_R1.fastq.gz	IL-6_T165A-h_R2.fastq.gz
IL-6_T165A-i	IL-6_T165A	IL-6_T165A-i_R1.fastq.gz	IL-6_T165A-i_R2.fastq.gz
IL-6_T165A-j	IL-6_T165A	IL-6_T165A-j_R1.fastq.gz	IL-6_T165A-j_R2.fastq.gz
IL-6_T165A-k	IL-6_T165A	IL-6_T165A-k_R1.fastq.gz	IL-6_T165A-k_R2.fastq.gz
IL-6_T165A-l	IL-6_T165A	IL-6_T165A-l_R1.fastq.gz	IL-6_T165A-l_R2.fastq.gz
IL-6_D168A-a	IL-6_D168A	IL-6_D168A-a_R1.fastq.gz	IL-6_D168A-a_R2.fastq.gz
IL-6_D168A-b	IL-6_D168A	IL-6_D168A-b_R1.fastq.gz	IL-6_D168A-b_R2.fastq.gz
IL-6_D168A-c	IL-6_D168A	IL-6_D168A-c_R1.fastq.gz	IL-6_D168A-c_R2.fastq.gz
IL-6_D168A-d	IL-6_D168A	IL-6_D168A-d_R1.fastq.gz	IL-6_D168A-d_R2.fastq.gz
IL-6_D168A-e	IL-6_D168A	IL-6_D168A-e_R1.fastq.gz	IL-6_D168A-e_R2.fastq.gz
IL-6_D168A-f	IL-6_D168A	IL-6_D168A-f_R1.fastq.gz	IL-6_D168A-f_R2.fastq.gz
IL-6_D168A-g	IL-6_D168A	IL-6_D168A-g_R1.fastq.gz	IL-6_D168A-g_R2.fastq.gz
IL-6_D168A-h	IL-6_D168A	IL-6_D168A-h_R1.fastq.gz	IL-6_D168A-h_R2.fastq.gz
IL-6_D168A-i	IL-6_D168A	IL-6_D168A-i_R1.fastq.gz	IL-6_D168A-i_R2.fastq.gz
IL-6_D168A-j	IL-6_D168A	IL-6_D168A-j_R1.fastq.gz	IL-6_D168A-j_R2.fastq.gz
IL-6_D168A-k	IL-6_D168A	IL-6_D168A-k_R1.fastq.gz	IL-6_D168A-k_R2.fastq.gz
IL-6_D168A-l	IL-6_D168A	IL-6_D168A-l_R1.fastq.gz	IL-6_D168A-l_R2.fastq.gz
